name,price,rating,image_url,source,product_link-href
"The Formularx Peptide Ceramide Moisturizer - Barrier Plus Nourishing Barrier Repair Moisturizer For Normal, Dry, Compromised, Sensitive skin 50 g",592,4.4,https://m.media-amazon.com/images/I/41qM0f9BAVL._SY355_.jpg,Amazon,https://www.amazon.in/sspa/click?ie=UTF8&spc=MTo1NjE4NDA3MTc1NTY2OTI4OjE3NDgzNjA1ODc6c3Bfc2VhcmNoX3RoZW1hdGljX2J0ZjozMDA1NDE1MDEzNTk2MzI6OjQ6Og&url=%2FFormularx-Peptide-Ceramide-Moisturizer-Compromised%2Fdp%2FB0BRSTX8MH%2Fref%3Dsxbs_pa_sp_search_thematic_btf_sspa%3Fcontent-id%3Damzn1.sym.69d50697-b48f-4ca5-8730-69f742c2de92%253Aamzn1.sym.69d50697-b48f-4ca5-8730-69f742c2de92%26crid%3DYL6MWHSCBBQX%26cv_ct_cx%3DSkincare%2BProducts%2B%2528like%2Bface%2Bcreams%252C%2Bcleansers%252C%2Bmoisturizers%2529%26keywords%3DSkincare%2BProducts%2B%2528like%2Bface%2Bcreams%252C%2Bcleansers%252C%2Bmoisturizers%2529%26pd_rd_i%3DB0BRSTX8MH%26pd_rd_r%3D26d5ecca-2fde-43b8-913f-24961527c9cd%26pd_rd_w%3DmqVNk%26pd_rd_wg%3DURSzm%26pf_rd_p%3D69d50697-b48f-4ca5-8730-69f742c2de92%26pf_rd_r%3DB2TXV1NW9H3YSVKMC0Z4%26qid%3D1748360587%26sbo%3DRZvfv%252F%252FHxDF%252BO5021pAnSA%253D%253D%26sprefix%3Dskincare%2Bproducts%252Caps%252C2352%26sr%3D1-5-2907eac4-8056-42c7-8014-fdf7bd4c5395-spons%26sp_csd%3Dd2lkZ2V0TmFtZT1zcF9zZWFyY2hfdGhlbWF0aWNfYnRm%26psc%3D1
"Cos-IQ CPM 2% Ceramides Moisturizer with Peptides for Intense Moisturizing and Skin Strengthening | Barrier Repair Cream | For Oily, Dry, Normal & Sensitive Skin | 100ml",295,4.3,https://m.media-amazon.com/images/I/71DNbxEtNbL._SY355_.jpg,Amazon,https://www.amazon.in/sspa/click?ie=UTF8&spc=MTo1NjE4NDA3MTc1NTY2OTI4OjE3NDgzNjA1ODc6c3Bfc2VhcmNoX3RoZW1hdGljX2J0ZjozMDA0ODIwOTkzMzczMzI6OjM6Og&url=%2FCeramides-Moisturizer-Moisturizing-Strengthening-Sensitive%2Fdp%2FB0D9R3QJTF%2Fref%3Dsxbs_pa_sp_search_thematic_btf_sspa%3Fcontent-id%3Damzn1.sym.69d50697-b48f-4ca5-8730-69f742c2de92%253Aamzn1.sym.69d50697-b48f-4ca5-8730-69f742c2de92%26crid%3DYL6MWHSCBBQX%26cv_ct_cx%3DSkincare%2BProducts%2B%2528like%2Bface%2Bcreams%252C%2Bcleansers%252C%2Bmoisturizers%2529%26keywords%3DSkincare%2BProducts%2B%2528like%2Bface%2Bcreams%252C%2Bcleansers%252C%2Bmoisturizers%2529%26pd_rd_i%3DB0D9R3QJTF%26pd_rd_r%3D26d5ecca-2fde-43b8-913f-24961527c9cd%26pd_rd_w%3DmqVNk%26pd_rd_wg%3DURSzm%26pf_rd_p%3D69d50697-b48f-4ca5-8730-69f742c2de92%26pf_rd_r%3DB2TXV1NW9H3YSVKMC0Z4%26qid%3D1748360587%26sbo%3DRZvfv%252F%252FHxDF%252BO5021pAnSA%253D%253D%26sprefix%3Dskincare%2Bproducts%252Caps%252C2352%26sr%3D1-4-2907eac4-8056-42c7-8014-fdf7bd4c5395-spons%26sp_csd%3Dd2lkZ2V0TmFtZT1zcF9zZWFyY2hfdGhlbWF0aWNfYnRm%26psc%3D1
Sadhev Aloe Vera and Saffron Gel With Kumkumadi Tailam,854,4.2,https://m.media-amazon.com/images/I/51Cql4nRZjL._SX466_.jpg,Amazon,https://www.amazon.in/sspa/click?ie=UTF8&spc=MTo1NjE4NDA3MTc1NTY2OTI4OjE3NDgzNjA1ODc6c3Bfc2VhcmNoX3RoZW1hdGljX2J0ZjozMDAwOTAxNjUyNTIzMzI6OjI6Og&url=%2FSadhev-Aloe-Vera-Saffron-Kumkumadi-Tailam%2Fdp%2FB0B1581VD7%2Fref%3Dsxbs_pa_sp_search_thematic_btf_sspa%3Fcontent-id%3Damzn1.sym.69d50697-b48f-4ca5-8730-69f742c2de92%253Aamzn1.sym.69d50697-b48f-4ca5-8730-69f742c2de92%26crid%3DYL6MWHSCBBQX%26cv_ct_cx%3DSkincare%2BProducts%2B%2528like%2Bface%2Bcreams%252C%2Bcleansers%252C%2Bmoisturizers%2529%26keywords%3DSkincare%2BProducts%2B%2528like%2Bface%2Bcreams%252C%2Bcleansers%252C%2Bmoisturizers%2529%26pd_rd_i%3DB0B1581VD7%26pd_rd_r%3D26d5ecca-2fde-43b8-913f-24961527c9cd%26pd_rd_w%3DmqVNk%26pd_rd_wg%3DURSzm%26pf_rd_p%3D69d50697-b48f-4ca5-8730-69f742c2de92%26pf_rd_r%3DB2TXV1NW9H3YSVKMC0Z4%26qid%3D1748360587%26sbo%3DRZvfv%252F%252FHxDF%252BO5021pAnSA%253D%253D%26sprefix%3Dskincare%2Bproducts%252Caps%252C2352%26sr%3D1-3-2907eac4-8056-42c7-8014-fdf7bd4c5395-spons%26sp_csd%3Dd2lkZ2V0TmFtZT1zcF9zZWFyY2hfdGhlbWF0aWNfYnRm%26psc%3D1
"Gabit Salicylic Acid & Green Tea Face Moisturiser For Acne, Blackheads & Open Pores | Oil free, Lightweight Moisturizer, Exfoliates, Brightens skin |Ceramides, Niacinamide, CiCa |For Women & Men, 50ml",426,4,https://m.media-amazon.com/images/I/31qkXSFkrUL._SY300_SX300_QL70_FMwebp_.jpg,Amazon,https://www.amazon.in/sspa/click?ie=UTF8&spc=MTo1NjE4NDA3MTc1NTY2OTI4OjE3NDgzNjA1ODc6c3Bfc2VhcmNoX3RoZW1hdGljX2J0ZjozMDAxNDU3NTI2OTAxMzI6OjE6Og&url=%2FGabit-Moisturiser-Lightweight-Moisturizer-Niacinamide%2Fdp%2FB0CRRWJ6JP%2Fref%3Dsxbs_pa_sp_search_thematic_btf_sspa%3Fcontent-id%3Damzn1.sym.69d50697-b48f-4ca5-8730-69f742c2de92%253Aamzn1.sym.69d50697-b48f-4ca5-8730-69f742c2de92%26crid%3DYL6MWHSCBBQX%26cv_ct_cx%3DSkincare%2BProducts%2B%2528like%2Bface%2Bcreams%252C%2Bcleansers%252C%2Bmoisturizers%2529%26keywords%3DSkincare%2BProducts%2B%2528like%2Bface%2Bcreams%252C%2Bcleansers%252C%2Bmoisturizers%2529%26pd_rd_i%3DB0CRRWJ6JP%26pd_rd_r%3D26d5ecca-2fde-43b8-913f-24961527c9cd%26pd_rd_w%3DmqVNk%26pd_rd_wg%3DURSzm%26pf_rd_p%3D69d50697-b48f-4ca5-8730-69f742c2de92%26pf_rd_r%3DB2TXV1NW9H3YSVKMC0Z4%26qid%3D1748360587%26sbo%3DRZvfv%252F%252FHxDF%252BO5021pAnSA%253D%253D%26sprefix%3Dskincare%2Bproducts%252Caps%252C2352%26sr%3D1-2-2907eac4-8056-42c7-8014-fdf7bd4c5395-spons%26sp_csd%3Dd2lkZ2V0TmFtZT1zcF9zZWFyY2hfdGhlbWF0aWNfYnRm%26psc%3D1
"Put Simply Hydrating Gel Face Korean Moisturizer for Dry, Oily & Sensitive Skin with 3% Niacinamide, 7% Cica, Ceramides, HA | Fragrance Free, Ultra Lightweight & Fast Absorbing | For Men & Women | 50 ml",711,4.2,https://m.media-amazon.com/images/I/61tUoZyOYpL._SY355_.jpg,Amazon,https://www.amazon.in/sspa/click?ie=UTF8&spc=MTo1NjE4NDA3MTc1NTY2OTI4OjE3NDgzNjA1ODc6c3Bfc2VhcmNoX3RoZW1hdGljX2J0ZjozMDA0MjQ4MjEzNzY3MzI6OjA6Og&url=%2FPut-Simply-Moisturizer-Combination-Niacinamide%2Fdp%2FB0BCZHM4MQ%2Fref%3Dsxbs_pa_sp_search_thematic_btf_sspa%3Fcontent-id%3Damzn1.sym.69d50697-b48f-4ca5-8730-69f742c2de92%253Aamzn1.sym.69d50697-b48f-4ca5-8730-69f742c2de92%26crid%3DYL6MWHSCBBQX%26cv_ct_cx%3DSkincare%2BProducts%2B%2528like%2Bface%2Bcreams%252C%2Bcleansers%252C%2Bmoisturizers%2529%26keywords%3DSkincare%2BProducts%2B%2528like%2Bface%2Bcreams%252C%2Bcleansers%252C%2Bmoisturizers%2529%26pd_rd_i%3DB0BCZHM4MQ%26pd_rd_r%3D26d5ecca-2fde-43b8-913f-24961527c9cd%26pd_rd_w%3DmqVNk%26pd_rd_wg%3DURSzm%26pf_rd_p%3D69d50697-b48f-4ca5-8730-69f742c2de92%26pf_rd_r%3DB2TXV1NW9H3YSVKMC0Z4%26qid%3D1748360587%26sbo%3DRZvfv%252F%252FHxDF%252BO5021pAnSA%253D%253D%26sprefix%3Dskincare%2Bproducts%252Caps%252C2352%26sr%3D1-1-2907eac4-8056-42c7-8014-fdf7bd4c5395-spons%26sp_csd%3Dd2lkZ2V0TmFtZT1zcF9zZWFyY2hfdGhlbWF0aWNfYnRm%26psc%3D1
Deconstruct Oil-Free Moisturizer For Oily Skin | 3% NMF Complex + 0.2% Panthenol | Lightweight Gel Moisturizer | For Oily to Combination Skin | 50gm,326,4.1,https://m.media-amazon.com/images/I/41OeVJhkhnL._SY355_.jpg,Amazon,https://www.amazon.in/sspa/click?ie=UTF8&spc=MToxMjE1NzU5OTc0NzI2NzczOjE3NDgzNjA1ODc6c3BfYnRmOjMwMDQzMzI2MzUyMzAzMjo6MDo6&url=%2FDeconstruct-Oil-Free-Moisturizer-Oily-Skin%2Fdp%2FB09NGMRL51%2Fref%3Dsr_1_36_sspa%3Fcrid%3DYL6MWHSCBBQX%26dib%3DeyJ2IjoiMSJ9.XkuSpvKjjER5qAXKvkBPwa1Yi3Gx0leJXIrz2m7pVgYKTgIIOWFL8dtSpXdfyLnoEsPqKfkK-lXslbq83CmmnR3Yyn1N4g_-yAkRVhGpF75ofpCOR6RQeWCfABnNRw6UNGdIOXMryjL1xwP7N7SPBv5JuFrduvboEAFrBg6csC5wm_oAwbdsUszQBYgshKVJkjj4W4XmrJI7G50Z2r_YxF-qZ9IAcaMuK8gHruLyKeSqoPtOIaupZZoDTHlzPxckZfU6xiXhRjr8J54lkELMw7BD_WEaYXsgF3psVRL5RCY.ePlwo_PBXekDo_Ej3VhYVBvI2TqWp2lCuHRLMb9wl2w%26dib_tag%3Dse%26keywords%3DSkincare%2BProducts%2B%2528like%2Bface%2Bcreams%252C%2Bcleansers%252C%2Bmoisturizers%2529%26qid%3D1748360587%26sprefix%3Dskincare%2Bproducts%252Caps%252C2352%26sr%3D8-36-spons%26sp_csd%3Dd2lkZ2V0TmFtZT1zcF9idGY%26psc%3D1
"simple Active Skin Barrier Care Smoothing Gel Face Cleanser 150Ml With 5% Lactic Acid,Hyaluronic Acid&Ceramide Boosters|Gentle Exfoliating Face Wash For Brighter,Even-Tone,Smoother Skin,For Women&Men",299,4,https://m.media-amazon.com/images/I/41O9eTbPAgL._SY355_.jpg,Amazon,https://www.amazon.in/sspa/click?ie=UTF8&spc=MToxMjE1NzU5OTc0NzI2NzczOjE3NDgzNjA1ODc6c3BfYnRmOjMwMDQ4NzQxMzM4NTQzMjo6MDo6&url=%2FSmoothing-Cleanser-Ceramide-Hyaluronic-exfoliates%2Fdp%2FB0CHS5WQ3W%2Fref%3Dsr_1_35_sspa%3Fcrid%3DYL6MWHSCBBQX%26dib%3DeyJ2IjoiMSJ9.XkuSpvKjjER5qAXKvkBPwa1Yi3Gx0leJXIrz2m7pVgYKTgIIOWFL8dtSpXdfyLnoEsPqKfkK-lXslbq83CmmnR3Yyn1N4g_-yAkRVhGpF75ofpCOR6RQeWCfABnNRw6UNGdIOXMryjL1xwP7N7SPBv5JuFrduvboEAFrBg6csC5wm_oAwbdsUszQBYgshKVJkjj4W4XmrJI7G50Z2r_YxF-qZ9IAcaMuK8gHruLyKeSqoPtOIaupZZoDTHlzPxckZfU6xiXhRjr8J54lkELMw7BD_WEaYXsgF3psVRL5RCY.ePlwo_PBXekDo_Ej3VhYVBvI2TqWp2lCuHRLMb9wl2w%26dib_tag%3Dse%26keywords%3DSkincare%2BProducts%2B%2528like%2Bface%2Bcreams%252C%2Bcleansers%252C%2Bmoisturizers%2529%26qid%3D1748360587%26sprefix%3Dskincare%2Bproducts%252Caps%252C2352%26sr%3D8-35-spons%26sp_csd%3Dd2lkZ2V0TmFtZT1zcF9idGY%26psc%3D1
"MINSKINN SKINCARE Niacinamide Face Cleanser 100Ml - Gentle And Hydrating Face Wash With Hyaluronic Acid, Best For Oily, Dry And Acne-Prone Skin",359,5,https://m.media-amazon.com/images/I/615bnYGX6HL._SY355_.jpg,Amazon,https://www.amazon.in/sspa/click?ie=UTF8&spc=MToxMjE1NzU5OTc0NzI2NzczOjE3NDgzNjA1ODc6c3BfYnRmOjMwMDQ5NDExNDE2NTAzMjo6MDo6&url=%2FMinskinn-Niacinamide-Face-Cleanser-Women%2Fdp%2FB0D41ZX61C%2Fref%3Dsr_1_34_sspa%3Fcrid%3DYL6MWHSCBBQX%26dib%3DeyJ2IjoiMSJ9.XkuSpvKjjER5qAXKvkBPwa1Yi3Gx0leJXIrz2m7pVgYKTgIIOWFL8dtSpXdfyLnoEsPqKfkK-lXslbq83CmmnR3Yyn1N4g_-yAkRVhGpF75ofpCOR6RQeWCfABnNRw6UNGdIOXMryjL1xwP7N7SPBv5JuFrduvboEAFrBg6csC5wm_oAwbdsUszQBYgshKVJkjj4W4XmrJI7G50Z2r_YxF-qZ9IAcaMuK8gHruLyKeSqoPtOIaupZZoDTHlzPxckZfU6xiXhRjr8J54lkELMw7BD_WEaYXsgF3psVRL5RCY.ePlwo_PBXekDo_Ej3VhYVBvI2TqWp2lCuHRLMb9wl2w%26dib_tag%3Dse%26keywords%3DSkincare%2BProducts%2B%2528like%2Bface%2Bcreams%252C%2Bcleansers%252C%2Bmoisturizers%2529%26qid%3D1748360587%26sprefix%3Dskincare%2Bproducts%252Caps%252C2352%26sr%3D8-34-spons%26sp_csd%3Dd2lkZ2V0TmFtZT1zcF9idGY%26psc%3D1
CeraVe Moisturizing Cream For Dry To Very Dry Skin (340gm) - Formulated with 3 Essential Ceramides And Hyaluronic Acid | Non-Comedogenic Moisturizer For Face and Body,"1,500",4.3,https://m.media-amazon.com/images/I/612ngqcfd0L._SY355_.jpg,Amazon,https://www.amazon.in/sspa/click?ie=UTF8&spc=MToxMjE1NzU5OTc0NzI2NzczOjE3NDgzNjA1ODc6c3BfYnRmOjMwMDE5NDgwOTIyNjYzMjo6MDo6&url=%2FCeraVe-Moisturising-Cream-Jar-340g%2Fdp%2FB07CH9XWHR%2Fref%3Dsr_1_33_sspa%3Fcrid%3DYL6MWHSCBBQX%26dib%3DeyJ2IjoiMSJ9.XkuSpvKjjER5qAXKvkBPwa1Yi3Gx0leJXIrz2m7pVgYKTgIIOWFL8dtSpXdfyLnoEsPqKfkK-lXslbq83CmmnR3Yyn1N4g_-yAkRVhGpF75ofpCOR6RQeWCfABnNRw6UNGdIOXMryjL1xwP7N7SPBv5JuFrduvboEAFrBg6csC5wm_oAwbdsUszQBYgshKVJkjj4W4XmrJI7G50Z2r_YxF-qZ9IAcaMuK8gHruLyKeSqoPtOIaupZZoDTHlzPxckZfU6xiXhRjr8J54lkELMw7BD_WEaYXsgF3psVRL5RCY.ePlwo_PBXekDo_Ej3VhYVBvI2TqWp2lCuHRLMb9wl2w%26dib_tag%3Dse%26keywords%3DSkincare%2BProducts%2B%2528like%2Bface%2Bcreams%252C%2Bcleansers%252C%2Bmoisturizers%2529%26qid%3D1748360587%26sprefix%3Dskincare%2Bproducts%252Caps%252C2352%26sr%3D8-33-spons%26sp_csd%3Dd2lkZ2V0TmFtZT1zcF9idGY%26psc%3D1
"Lilium Hyaluronic Facial Kit, 400g, 4 Step Deep Cleansing, Wrinkle Lift, Nourishing, Extra Glow & Fair Complexion, Oily & Dry Skin, Women & Men, All Skin Type Paraben & Sulfate Free",719,,https://m.media-amazon.com/images/I/617ICN+bRnL._SY355_.jpg,Amazon,https://www.amazon.in/Lilium-Hyaluronic-Cleansing-Nourishing-Complexion/dp/B0CFV924C3/ref=sr_1_32?crid=YL6MWHSCBBQX&dib=eyJ2IjoiMSJ9.XkuSpvKjjER5qAXKvkBPwa1Yi3Gx0leJXIrz2m7pVgYKTgIIOWFL8dtSpXdfyLnoEsPqKfkK-lXslbq83CmmnR3Yyn1N4g_-yAkRVhGpF75ofpCOR6RQeWCfABnNRw6UNGdIOXMryjL1xwP7N7SPBv5JuFrduvboEAFrBg6csC5wm_oAwbdsUszQBYgshKVJkjj4W4XmrJI7G50Z2r_YxF-qZ9IAcaMuK8gHruLyKeSqoPtOIaupZZoDTHlzPxckZfU6xiXhRjr8J54lkELMw7BD_WEaYXsgF3psVRL5RCY.ePlwo_PBXekDo_Ej3VhYVBvI2TqWp2lCuHRLMb9wl2w&dib_tag=se&keywords=Skincare+Products+%28like+face+creams%2C+cleansers%2C+moisturizers%29&qid=1748360587&sprefix=skincare+products%2Caps%2C2352&sr=8-32
"Melas (Pack of 3) Moisture Lock Combo of Hydra Foaming Face Wash with goodness of Seaweed & Rice Water, with Night & Day Cream for Men & Women for Moisturizing, Glowing & Brightening Skin",739,3.9,https://m.media-amazon.com/images/I/518DUjFhMWL._SY355_.jpg,Amazon,https://www.amazon.in/Melas-Moisture-goodness-Moisturizing-Brightening/dp/B0CC9M92L4/ref=sr_1_31?crid=YL6MWHSCBBQX&dib=eyJ2IjoiMSJ9.XkuSpvKjjER5qAXKvkBPwa1Yi3Gx0leJXIrz2m7pVgYKTgIIOWFL8dtSpXdfyLnoEsPqKfkK-lXslbq83CmmnR3Yyn1N4g_-yAkRVhGpF75ofpCOR6RQeWCfABnNRw6UNGdIOXMryjL1xwP7N7SPBv5JuFrduvboEAFrBg6csC5wm_oAwbdsUszQBYgshKVJkjj4W4XmrJI7G50Z2r_YxF-qZ9IAcaMuK8gHruLyKeSqoPtOIaupZZoDTHlzPxckZfU6xiXhRjr8J54lkELMw7BD_WEaYXsgF3psVRL5RCY.ePlwo_PBXekDo_Ej3VhYVBvI2TqWp2lCuHRLMb9wl2w&dib_tag=se&keywords=Skincare+Products+%28like+face+creams%2C+cleansers%2C+moisturizers%29&qid=1748360587&sprefix=skincare+products%2Caps%2C2352&sr=8-31
Skincues Hydrating Cream Cleanser For All Skin Types | 100 ML Each | Enriched with Watermelon extracts & Hyaluronic Acid | Cream to Face Cleanser For Glowing & Refreshing Skin | Pack of 2,899,,"https://m.media-amazon.com/images/I/51dfhtVBjUL._SY450_PIbundle-2,TopRight,0,0_SX342SY450SH20_.jpg",Amazon,https://www.amazon.in/Skincues-Hydrating-Watermelon-Hyaluronic-Refreshing/dp/B0DHD487NQ/ref=sr_1_30?crid=YL6MWHSCBBQX&dib=eyJ2IjoiMSJ9.XkuSpvKjjER5qAXKvkBPwa1Yi3Gx0leJXIrz2m7pVgYKTgIIOWFL8dtSpXdfyLnoEsPqKfkK-lXslbq83CmmnR3Yyn1N4g_-yAkRVhGpF75ofpCOR6RQeWCfABnNRw6UNGdIOXMryjL1xwP7N7SPBv5JuFrduvboEAFrBg6csC5wm_oAwbdsUszQBYgshKVJkjj4W4XmrJI7G50Z2r_YxF-qZ9IAcaMuK8gHruLyKeSqoPtOIaupZZoDTHlzPxckZfU6xiXhRjr8J54lkELMw7BD_WEaYXsgF3psVRL5RCY.ePlwo_PBXekDo_Ej3VhYVBvI2TqWp2lCuHRLMb9wl2w&dib_tag=se&keywords=Skincare+Products+%28like+face+creams%2C+cleansers%2C+moisturizers%29&qid=1748360587&sprefix=skincare+products%2Caps%2C2352&sr=8-30
"RIVILO Skincare Set - Pigmentation Removal Cream 50g, Glow & Soft Cream, Face Wash 100ml with Natural Extracts",890,,https://m.media-amazon.com/images/I/61hFhh4b41L._SY355_.jpg,Amazon,https://www.amazon.in/RIVILO-Skincare-Set-Pigmentation-Extracts/dp/B0DZTRCW5Y/ref=sr_1_29?crid=YL6MWHSCBBQX&dib=eyJ2IjoiMSJ9.XkuSpvKjjER5qAXKvkBPwa1Yi3Gx0leJXIrz2m7pVgYKTgIIOWFL8dtSpXdfyLnoEsPqKfkK-lXslbq83CmmnR3Yyn1N4g_-yAkRVhGpF75ofpCOR6RQeWCfABnNRw6UNGdIOXMryjL1xwP7N7SPBv5JuFrduvboEAFrBg6csC5wm_oAwbdsUszQBYgshKVJkjj4W4XmrJI7G50Z2r_YxF-qZ9IAcaMuK8gHruLyKeSqoPtOIaupZZoDTHlzPxckZfU6xiXhRjr8J54lkELMw7BD_WEaYXsgF3psVRL5RCY.ePlwo_PBXekDo_Ej3VhYVBvI2TqWp2lCuHRLMb9wl2w&dib_tag=se&keywords=Skincare+Products+%28like+face+creams%2C+cleansers%2C+moisturizers%29&qid=1748360587&sprefix=skincare+products%2Caps%2C2352&sr=8-29
"LAKMÉ Dew Drama Facewash with Pro-Ceramides & 6% Vitamin E + B3 + F Complex for Glowing Skin, 100gm | Creamy Cleanser for Soft and Hydrated Skin",167,4.1,https://m.media-amazon.com/images/I/41QpZ21sj1L._SY355_.jpg,Amazon,https://www.amazon.in/Facewash-Pro-Ceramides-Vitamin-Cleanser-Hydrated/dp/B0CTT7SRFB/ref=sr_1_28?crid=YL6MWHSCBBQX&dib=eyJ2IjoiMSJ9.XkuSpvKjjER5qAXKvkBPwa1Yi3Gx0leJXIrz2m7pVgYKTgIIOWFL8dtSpXdfyLnoEsPqKfkK-lXslbq83CmmnR3Yyn1N4g_-yAkRVhGpF75ofpCOR6RQeWCfABnNRw6UNGdIOXMryjL1xwP7N7SPBv5JuFrduvboEAFrBg6csC5wm_oAwbdsUszQBYgshKVJkjj4W4XmrJI7G50Z2r_YxF-qZ9IAcaMuK8gHruLyKeSqoPtOIaupZZoDTHlzPxckZfU6xiXhRjr8J54lkELMw7BD_WEaYXsgF3psVRL5RCY.ePlwo_PBXekDo_Ej3VhYVBvI2TqWp2lCuHRLMb9wl2w&dib_tag=se&keywords=Skincare+Products+%28like+face+creams%2C+cleansers%2C+moisturizers%29&qid=1748360587&sprefix=skincare+products%2Caps%2C2352&sr=8-28
LUIE TEK LIYA Beauty Care Herbal Fairness Bye Pigmentation Cream Daily Skin Moisturizer Glowing Gel for Girl's,799,,https://m.media-amazon.com/images/I/61KbljsCErL._SX522_.jpg,Amazon,https://www.amazon.in/LUIE-TEK-LIYA-Pigmentation-Moisturizer/dp/B0F8MXFW33/ref=sr_1_27?crid=YL6MWHSCBBQX&dib=eyJ2IjoiMSJ9.XkuSpvKjjER5qAXKvkBPwa1Yi3Gx0leJXIrz2m7pVgYKTgIIOWFL8dtSpXdfyLnoEsPqKfkK-lXslbq83CmmnR3Yyn1N4g_-yAkRVhGpF75ofpCOR6RQeWCfABnNRw6UNGdIOXMryjL1xwP7N7SPBv5JuFrduvboEAFrBg6csC5wm_oAwbdsUszQBYgshKVJkjj4W4XmrJI7G50Z2r_YxF-qZ9IAcaMuK8gHruLyKeSqoPtOIaupZZoDTHlzPxckZfU6xiXhRjr8J54lkELMw7BD_WEaYXsgF3psVRL5RCY.ePlwo_PBXekDo_Ej3VhYVBvI2TqWp2lCuHRLMb9wl2w&dib_tag=se&keywords=Skincare+Products+%28like+face+creams%2C+cleansers%2C+moisturizers%29&qid=1748360587&sprefix=skincare+products%2Caps%2C2352&sr=8-27
"Lakme Lumi Cream,Moisturizer with highlighter, Enriched with Niacinamide for all skin type,30 gm & Lakme Blush & Glow Lemon Freshness Gel Face Wash with Lemon Extracts, 100 g",474,4,https://m.media-amazon.com/images/I/51J5lUa3wnL._SY355_.jpg,Amazon,https://www.amazon.in/Moisturizer-highlighter-Enriched-Niacinamide-Freshness/dp/B0BRG9BW39/ref=sr_1_26?crid=YL6MWHSCBBQX&dib=eyJ2IjoiMSJ9.XkuSpvKjjER5qAXKvkBPwa1Yi3Gx0leJXIrz2m7pVgYKTgIIOWFL8dtSpXdfyLnoEsPqKfkK-lXslbq83CmmnR3Yyn1N4g_-yAkRVhGpF75ofpCOR6RQeWCfABnNRw6UNGdIOXMryjL1xwP7N7SPBv5JuFrduvboEAFrBg6csC5wm_oAwbdsUszQBYgshKVJkjj4W4XmrJI7G50Z2r_YxF-qZ9IAcaMuK8gHruLyKeSqoPtOIaupZZoDTHlzPxckZfU6xiXhRjr8J54lkELMw7BD_WEaYXsgF3psVRL5RCY.ePlwo_PBXekDo_Ej3VhYVBvI2TqWp2lCuHRLMb9wl2w&dib_tag=se&keywords=Skincare+Products+%28like+face+creams%2C+cleansers%2C+moisturizers%29&qid=1748360587&sprefix=skincare+products%2Caps%2C2352&sr=8-26
Caret Organic Hybrid Creamy Cleanser (100ML) AND Almond & Honey Lotion (250ML)  (2 Items in the set),418,,https://rukminim2.flixcart.com/image/416/416/xif0q/combo-kit/l/a/a/hybrid-creamy-cleanser-100ml-and-almond-honey-lotion-250ml-2-c-original-imagnjtewv4uwbzt.jpeg?q=70&crop=false,Flipkart,https://www.flipkart.com/caret-organic-hybrid-creamy-cleanser-100ml-almond-honey-lotion-250ml/p/itm7e48aff4a9568?pid=CBKGNJTECGUWTV3J&lid=LSTCBKGNJTECGUWTV3J5SKFB6&marketplace=FLIPKART&q=Skincare+Products+%28like+face+creams%2C+cleansers%2C+moisturizers%29&store=g9b%2Fema%2F5la&srno=s_1_40&otracker=search&otracker1=search&fm=organic&iid=083f54d6-3c40-4db4-8e3e-82f5e6e6cf00.CBKGNJTECGUWTV3J.SEARCH&ppt=None&ppn=None&ssid=vwah9a0r000000001748252175556&qH=833b9cfd5ea136fa
"Fixderma Non Drying Cleanser, Soap-Free pH Balanced Cleanser for Pore-Refining  (60 ml)",181,4.3,https://rukminim2.flixcart.com/image/416/416/xif0q/shopsy-moisturizer-cream/k/z/8/60-non-drying-cleanser-soap-free-ph-balanced-cleanser-for-pore-original-imah2krzkszwqgzc.jpeg?q=70&crop=false,Flipkart,https://www.flipkart.com/fixderma-non-drying-cleanser-soap-free-ph-balanced-cleanser-pore-refining/p/itmfb4058035ebe5?pid=MSCFWG4WYYDFRYF8&lid=LSTMSCFWG4WYYDFRYF8BKDCBU&marketplace=FLIPKART&q=Skincare+Products+%28like+face+creams%2C+cleansers%2C+moisturizers%29&store=g9b%2Fema%2F5la&srno=s_1_39&otracker=search&otracker1=search&fm=organic&iid=083f54d6-3c40-4db4-8e3e-82f5e6e6cf00.MSCFWG4WYYDFRYF8.SEARCH&ppt=None&ppn=None&ssid=vwah9a0r000000001748252175556&qH=833b9cfd5ea136fa
HYPHEN Moisturizing Creamy | Cleanser For Dry & Sensitive Skin with Ceramides Face Wash  (100 ml),267,4.3,https://rukminim2.flixcart.com/image/416/416/xif0q/cleanser/i/m/v/100-moisturizing-creamy-face-wash-cleanser-for-dry-sensitive-original-imagz5rtyreumnze.jpeg?q=70&crop=false,Flipkart,https://www.flipkart.com/hyphen-moisturizing-creamy-cleanser-dry-sensitive-skin-ceramides-face-wash/p/itm199b342a903f2?pid=CNRGXHUUU6WKERRQ&lid=LSTCNRGXHUUU6WKERRQWKVHXN&marketplace=FLIPKART&q=Skincare+Products+%28like+face+creams%2C+cleansers%2C+moisturizers%29&store=g9b%2Fema%2F5la&srno=s_1_38&otracker=search&otracker1=search&fm=organic&iid=083f54d6-3c40-4db4-8e3e-82f5e6e6cf00.CNRGXHUUU6WKERRQ.SEARCH&ppt=None&ppn=None&ssid=vwah9a0r000000001748252175556&qH=833b9cfd5ea136fa
DERMISTRY Dry & Sensitive Skin Moisturizer VitE Body Lotion & Safe Gentle Creamy Face Wash  (300 ml),480,,https://rukminim2.flixcart.com/image/416/416/xif0q/moisturizer-cream/e/e/u/300-dry-sensitive-skin-moisturizer-vite-body-lotion-safe-gentle-original-imah6qwyepfgrq4p.jpeg?q=70&crop=false,Flipkart,https://www.flipkart.com/dermistry-dry-sensitive-skin-moisturizer-vite-body-lotion-safe-gentle-creamy-face-wash/p/itmabce4aad48b73?pid=MSCGYEX7Z5HVYHRB&lid=LSTMSCGYEX7Z5HVYHRBXZNOFE&marketplace=FLIPKART&q=Skincare+Products+%28like+face+creams%2C+cleansers%2C+moisturizers%29&store=g9b%2Fema%2F5la&srno=s_1_37&otracker=search&otracker1=search&fm=organic&iid=083f54d6-3c40-4db4-8e3e-82f5e6e6cf00.MSCGYEX7Z5HVYHRB.SEARCH&ppt=None&ppn=None&ssid=vwah9a0r000000001748252175556&qH=833b9cfd5ea136fa
"Hi9 Combo: Cleanser 100ml, Toner 100ml, Moisturizer 75ml | Complete Face Care Kit  (3 ml)","1,063",,https://rukminim2.flixcart.com/image/416/416/xif0q/moisturizer-cream/3/n/n/3-aroma-essence-massage-oil-200ml-shea-butter-body-butter-100g-original-imah7tr2szmep69w.jpeg?q=70&crop=false,Flipkart,https://www.flipkart.com/hi9-combo-cleanser-100ml-toner-moisturizer-75ml-complete-face-care-kit/p/itmdd172d958aa8e?pid=MSCH47XAGACRWE5W&lid=LSTMSCH47XAGACRWE5WCHROOT&marketplace=FLIPKART&q=Skincare+Products+%28like+face+creams%2C+cleansers%2C+moisturizers%29&store=g9b%2Fema%2F5la&srno=s_1_36&otracker=search&otracker1=search&fm=organic&iid=083f54d6-3c40-4db4-8e3e-82f5e6e6cf00.MSCH47XAGACRWE5W.SEARCH&ppt=None&ppn=None&ssid=vwah9a0r000000001748252175556&qH=833b9cfd5ea136fa
Yuency deep face cleansing oil control mask . Face Wash  (40 g),227,,https://rukminim2.flixcart.com/image/416/416/xif0q/cleanser/t/o/y/40-green-tea-oil-control-cleansing-mask-stick-for-face-for-original-imagjkbdtg52mszt.jpeg?q=70&crop=false,Flipkart,https://www.flipkart.com/yuency-deep-face-cleansing-oil-control-mask-wash/p/itmb5112c2e79248?pid=CNRGH6GYZJ5ARWJD&lid=LSTCNRGH6GYZJ5ARWJDYSUVMT&marketplace=FLIPKART&q=Skincare+Products+%28like+face+creams%2C+cleansers%2C+moisturizers%29&store=g9b%2Fema%2F5la&srno=s_1_35&otracker=search&otracker1=search&fm=organic&iid=083f54d6-3c40-4db4-8e3e-82f5e6e6cf00.CNRGH6GYZJ5ARWJD.SEARCH&ppt=None&ppn=None&ssid=vwah9a0r000000001748252175556&qH=833b9cfd5ea136fa
The Skin Story Gentle Deep Cleansing Lotion Make Up Remover  Intense Moisturisiation Face Wash  (100 ml),253,4.7,https://rukminim2.flixcart.com/image/416/416/xif0q/face-wash/w/p/p/100-gentle-deep-cleansing-lotion-make-up-remover-face-wash-original-imahc5dubrrxhstx.jpeg?q=70&crop=false,Flipkart,https://www.flipkart.com/skin-story-gentle-deep-cleansing-lotion-make-up-remover-intense-moisturisiation-face-wash/p/itmf6315aa9272b7?pid=CNRGDRJ7W3JHUBQY&lid=LSTCNRGDRJ7W3JHUBQYDPAYOA&marketplace=FLIPKART&q=Skincare+Products+%28like+face+creams%2C+cleansers%2C+moisturizers%29&store=g9b%2Fema%2F5la&srno=s_1_34&otracker=search&otracker1=search&fm=organic&iid=083f54d6-3c40-4db4-8e3e-82f5e6e6cf00.CNRGDRJ7W3JHUBQY.SEARCH&ppt=None&ppn=None&ssid=vwah9a0r000000001748252175556&qH=833b9cfd5ea136fa
"pmetic 200ml Rose Water,100ml Glycerin,200Gm Vitamin-C Cream For Face Face Wash  (500 ml)",220,3.8,https://rukminim2.flixcart.com/image/416/416/l3vxbbk0/cleanser/c/o/t/500-200ml-rose-water-100ml-glycerin-200gm-vitamin-c-cream-for-original-imagexfgxzhfpxjf.jpeg?q=70&crop=false,Flipkart,https://www.flipkart.com/pmetic-200ml-rose-water-100ml-glycerin-200gm-vitamin-c-cream-face-wash/p/itm8fe154f12d462?pid=CNRGEXFGDQP5ZGNY&lid=LSTCNRGEXFGDQP5ZGNYWSIWQW&marketplace=FLIPKART&q=Skincare+Products+%28like+face+creams%2C+cleansers%2C+moisturizers%29&store=g9b%2Fema%2F5la&srno=s_1_33&otracker=search&otracker1=search&fm=organic&iid=083f54d6-3c40-4db4-8e3e-82f5e6e6cf00.CNRGEXFGDQP5ZGNY.SEARCH&ppt=None&ppn=None&ssid=vwah9a0r000000001748252175556&qH=833b9cfd5ea136fa
"DERMISTRY 1% Salicylic Acid Body Wash & Moisturizer - Zinc, Niacinamide for Oil-Free Skin Face Wash  (250 ml)",500,,https://rukminim2.flixcart.com/image/416/416/xif0q/face-wash/c/t/y/250-salicylic-acid-back-acne-removal-cleanser-body-wash-original-imah6ba5brrcgjc7.jpeg?q=70&crop=false,Flipkart,https://www.flipkart.com/dermistry-1-salicylic-acid-body-wash-moisturizer-zinc-niacinamide-oil-free-skin-face/p/itm9044c3bcafbd9?pid=CNRGZNEMNHGKBXXG&lid=LSTCNRGZNEMNHGKBXXGK9RZ78&marketplace=FLIPKART&q=Skincare+Products+%28like+face+creams%2C+cleansers%2C+moisturizers%29&store=g9b%2Fema%2F5la&srno=s_1_32&otracker=search&otracker1=search&fm=organic&iid=083f54d6-3c40-4db4-8e3e-82f5e6e6cf00.CNRGZNEMNHGKBXXG.SEARCH&ppt=None&ppn=None&ssid=vwah9a0r000000001748252175556&qH=833b9cfd5ea136fa
Vigini Skin Lightening Whitening Dirt Removal Coffee Cleanser Body Wash & Vit C Cream Face Wash  (150 ml),445,,https://rukminim2.flixcart.com/image/416/416/xif0q/face-wash/n/8/j/150-skin-lightening-whitening-dirt-removal-coffee-cleanser-body-original-imah6eqzg8zgqgqz.jpeg?q=70&crop=false,Flipkart,https://www.flipkart.com/vigini-skin-lightening-whitening-dirt-removal-coffee-cleanser-body-wash-vit-c-cream-face/p/itmcf792358d56b3?pid=CNRGZUYZYQCUDJGP&lid=LSTCNRGZUYZYQCUDJGPQ9AZ1V&marketplace=FLIPKART&q=Skincare+Products+%28like+face+creams%2C+cleansers%2C+moisturizers%29&store=g9b%2Fema%2F5la&srno=s_1_31&otracker=search&otracker1=search&fm=organic&iid=083f54d6-3c40-4db4-8e3e-82f5e6e6cf00.CNRGZUYZYQCUDJGP.SEARCH&ppt=None&ppn=None&ssid=vwah9a0r000000001748252175556&qH=833b9cfd5ea136fa
DERMISTRY Dry & Sensitive Skin Mild Safe Gentle Sulphate Free Cleanser Wash & Body Butter Face Wash  (300 ml),467,,https://rukminim2.flixcart.com/image/416/416/xif0q/moisturizer-cream/c/o/p/300-mango-shea-kokum-body-butter-sensitive-dry-skin-gentle-sles-original-imah9xgydqumkmfc.jpeg?q=70&crop=false,Flipkart,https://www.flipkart.com/dermistry-dry-sensitive-skin-mild-safe-gentle-sulphate-free-cleanser-wash-body-butter-face/p/itm2c8647601e39d?pid=CNRGZNFTJ6PSNAY4&lid=LSTCNRGZNFTJ6PSNAY460TO88&marketplace=FLIPKART&q=Skincare+Products+%28like+face+creams%2C+cleansers%2C+moisturizers%29&store=g9b%2Fema%2F5la&srno=s_1_30&otracker=search&otracker1=search&fm=organic&iid=083f54d6-3c40-4db4-8e3e-82f5e6e6cf00.CNRGZNFTJ6PSNAY4.SEARCH&ppt=None&ppn=None&ssid=vwah9a0r000000001748252175556&qH=833b9cfd5ea136fa
"Wildflower essentials 100% Pure Rose Cleanser For Hydrating, Cleansing Face Toner For All Skin Types  (100 ml)",177,,https://rukminim2.flixcart.com/image/416/416/xif0q/fairness/z/d/i/100-100-pure-rose-toner-hydrating-cleansing-skin-brightening-for-original-imagrzruq84pdmzz.jpeg?q=70&crop=false,Flipkart,https://www.flipkart.com/wildflower-essentials-100-pure-rose-cleanser-hydrating-cleansing-face-toner-all-skin-types/p/itm33c2baa612a81?pid=MSCGZ99VKQXSYGWZ&lid=LSTMSCGZ99VKQXSYGWZ2QURLQ&marketplace=FLIPKART&q=Skincare+Products+%28like+face+creams%2C+cleansers%2C+moisturizers%29&store=g9b%2Fema%2F5la&srno=s_1_29&otracker=search&otracker1=search&fm=organic&iid=083f54d6-3c40-4db4-8e3e-82f5e6e6cf00.MSCGZ99VKQXSYGWZ.SEARCH&ppt=None&ppn=None&ssid=vwah9a0r000000001748252175556&qH=833b9cfd5ea136fa
REIMICHI Salicylic Acid Ice Cream Mask Cleansing Acne Moisturizing Mask Face Wash  (240 g),359,,https://rukminim2.flixcart.com/image/416/416/xif0q/cleanser/h/w/c/240-salicylic-acid-ice-cream-mask-cleansing-acne-moisturizing-original-imagyuhnkxja9gjc.jpeg?q=70&crop=false,Flipkart,https://www.flipkart.com/reimichi-salicylic-acid-ice-cream-mask-cleansing-acne-moisturizing-face-wash/p/itm25b2a1046ba4a?pid=CNRGYUHNPNHK9JEP&lid=LSTCNRGYUHNPNHK9JEPXGXNZY&marketplace=FLIPKART&q=Skincare+Products+%28like+face+creams%2C+cleansers%2C+moisturizers%29&store=g9b%2Fema%2F5la&srno=s_1_28&otracker=search&otracker1=search&fm=organic&iid=083f54d6-3c40-4db4-8e3e-82f5e6e6cf00.CNRGYUHNPNHK9JEP.SEARCH&ppt=None&ppn=None&ssid=vwah9a0r000000001748252175556&qH=833b9cfd5ea136fa
DERMISTRY Sensitive Dry Skin Mild Safe Gentle Creamy SLS Free Cleanser Body Wash & Lotion Face Wash  (400 ml),557,,https://rukminim2.flixcart.com/image/416/416/xif0q/face-wash/s/t/e/400-sensitive-dry-skin-mild-safe-gentle-creamy-sls-free-cleanser-original-imahc8h4etsx8fzw.jpeg?q=70&crop=false,Flipkart,https://www.flipkart.com/dermistry-sensitive-dry-skin-mild-safe-gentle-creamy-sls-free-cleanser-body-wash-lotion-face/p/itmfff34e95afe5e?pid=CNRGZNGBAET232FB&lid=LSTCNRGZNGBAET232FBBALFFX&marketplace=FLIPKART&q=Skincare+Products+%28like+face+creams%2C+cleansers%2C+moisturizers%29&store=g9b%2Fema%2F5la&srno=s_1_27&otracker=search&otracker1=search&fm=organic&iid=083f54d6-3c40-4db4-8e3e-82f5e6e6cf00.CNRGZNGBAET232FB.SEARCH&ppt=None&ppn=None&ssid=vwah9a0r000000001748252175556&qH=833b9cfd5ea136fa
"IHA Skin Care Combo - Face Cleanser, Toner and Moisturiser with Natural Extracts - Brightening, Nourishing, Hydrating Skin Care Kit for Normal to Dry Skin - 100G (Pack of 3)  (3 Items in the set)",570,4.1,https://rukminim2.flixcart.com/image/416/416/kkfrjww0/combo-kit/b/j/n/skin-care-combo-face-cleanser-toner-and-moisturiser-with-natural-original-imafzs6ykpfwgqfw.jpeg?q=70&crop=false,Flipkart,https://www.flipkart.com/iha-skin-care-combo-face-cleanser-toner-moisturiser-natural-extracts-brightening-nourishing-hydrating-kit-normal-dry-100g-pack-3/p/itm69be68134274e?pid=CBKFZS6ZGXABPPYH&lid=LSTCBKFZS6ZGXABPPYHSXAWUO&marketplace=FLIPKART&q=Skincare+Products+%28like+face+creams%2C+cleansers%2C+moisturizers%29&store=g9b%2Fema%2F5la&srno=s_1_26&otracker=search&otracker1=search&fm=organic&iid=083f54d6-3c40-4db4-8e3e-82f5e6e6cf00.CBKFZS6ZGXABPPYH.SEARCH&ppt=None&ppn=None&ssid=vwah9a0r000000001748252175556&qH=833b9cfd5ea136fa
Uniqura Combo Kit |Face Cleanser(100ml) + Face Moisturiser Butter(50ml) with SPF30/PA+++  (2 Items in the set),750,,https://rukminim2.flixcart.com/image/416/416/xif0q/combo-kit/j/b/x/combo-kit-face-cleanser-100ml-face-moisturiser-butter-50ml-with-original-imah34tghzzvhb5s.jpeg?q=70&crop=false,Flipkart,https://www.flipkart.com/uniqura-combo-kit-face-cleanser-100ml-face-moisturiser-butter-50ml-spf30-pa/p/itm83f43054cf36b?pid=CBKH34TG2FEEWRCE&lid=LSTCBKH34TG2FEEWRCEJKKIKT&marketplace=FLIPKART&q=Skincare+Products+%28like+face+creams%2C+cleansers%2C+moisturizers%29&store=g9b%2Fema%2F5la&srno=s_1_25&otracker=search&otracker1=search&fm=organic&iid=083f54d6-3c40-4db4-8e3e-82f5e6e6cf00.CBKH34TG2FEEWRCE.SEARCH&ppt=None&ppn=None&ssid=vwah9a0r000000001748252175556&qH=833b9cfd5ea136fa
DERMISTRY Dry Sensitive Skin Moisturizer Vit E Body Lotion & Safe Gentle Creamy Face Wash  (300 ml),500,,https://rukminim2.flixcart.com/image/416/416/xif0q/moisturizer-cream/m/o/i/300-dry-sensitive-skin-moisturizer-vit-e-body-lotion-safe-gentle-original-imahcghzpsg3ywgg.jpeg?q=70&crop=false,Flipkart,https://www.flipkart.com/dermistry-dry-sensitive-skin-moisturizer-vit-e-body-lotion-safe-gentle-creamy-face-wash/p/itm08d07aab403e7?pid=MSCGZZFHNFJZGAZ8&lid=LSTMSCGZZFHNFJZGAZ8ESUIEM&marketplace=FLIPKART&q=Skincare+Products+%28like+face+creams%2C+cleansers%2C+moisturizers%29&store=g9b%2Fema%2F5la&srno=s_1_24&otracker=search&otracker1=search&fm=organic&iid=083f54d6-3c40-4db4-8e3e-82f5e6e6cf00.MSCGZZFHNFJZGAZ8.SEARCH&ppt=None&ppn=None&ssid=vwah9a0r000000001748252175556&qH=833b9cfd5ea136fa
DERMISTRY Kojic Acid Pigmentation Removal Face Cream & Wash Fairness Whitening Brightening Face Wash  (150 ml),503,,https://rukminim2.flixcart.com/image/416/416/xif0q/face-wash/6/d/g/150-pigmentation-melasma-dark-spots-removal-lightening-whitening-original-imah6kftp9pxkp2t.jpeg?q=70&crop=false,Flipkart,https://www.flipkart.com/dermistry-kojic-acid-pigmentation-removal-face-cream-wash-fairness-whitening-brightening/p/itma95dc30b069b0?pid=CNRHYF5YCGBYJXQH&lid=LSTCNRHYF5YCGBYJXQHD3DGVN&marketplace=FLIPKART&q=Skincare+Products+%28like+face+creams%2C+cleansers%2C+moisturizers%29&store=g9b%2Fema%2F5la&srno=s_1_23&otracker=search&otracker1=search&fm=organic&iid=083f54d6-3c40-4db4-8e3e-82f5e6e6cf00.CNRHYF5YCGBYJXQH.SEARCH&ppt=None&ppn=None&ssid=vwah9a0r000000001748252175556&qH=833b9cfd5ea136fa
"MYEONG Gel Hydrating Moisturizer Cleanser for Dry/Sensitve Skin, Blackheads Remover  (240 ml)",269,,https://rukminim2.flixcart.com/image/416/416/kxz0pe80/face-pack/1/1/y/240-ultra-cleansing-salicylic-acid-ice-cream-mask-gel-myeong-original-imagab3sxxaxgtsz.jpeg?q=70&crop=false,Flipkart,https://www.flipkart.com/myeong-gel-hydrating-moisturizer-cleanser-dry-sensitve-skin-blackheads-remover/p/itm98f5f1e14417a?pid=FCPGR5SK7UQUCHYY&lid=LSTFCPGR5SK7UQUCHYYADGPNH&marketplace=FLIPKART&q=Skincare+Products+%28like+face+creams%2C+cleansers%2C+moisturizers%29&store=g9b%2Fema%2F5la&srno=s_1_22&otracker=search&otracker1=search&fm=organic&iid=083f54d6-3c40-4db4-8e3e-82f5e6e6cf00.FCPGR5SK7UQUCHYY.SEARCH&ppt=None&ppn=None&ssid=vwah9a0r000000001748252175556&qH=833b9cfd5ea136fa
"HealthBest Kidbest Face wash for Kids | Normal Skin, Sensitive Skin & Dry Skin | Tear, Paraben, SLS free | Watermelon Flavor | 100ml Face Wash  (100 ml)",288,4.2,https://rukminim2.flixcart.com/image/416/416/xif0q/face-wash/k/q/n/100-kidbest-face-wash-for-kids-normal-skin-sensitive-skin-dry-original-imahbnfvsg4cbqgp.jpeg?q=70&crop=false,Flipkart,https://www.flipkart.com/healthbest-kidbest-face-wash-kids-normal-skin-sensitive-skin-dry-tear-paraben-sls-free-watermelon-flavor-100ml/p/itm5ace4d9fe324c?pid=FCWG7ET5ZHFZ9JHZ&lid=LSTFCWG7ET5ZHFZ9JHZ9EPCCY&marketplace=FLIPKART&q=Skincare+Products+%28like+face+creams%2C+cleansers%2C+moisturizers%29&store=g9b%2Fema%2F5la&srno=s_1_21&otracker=search&otracker1=search&fm=organic&iid=083f54d6-3c40-4db4-8e3e-82f5e6e6cf00.FCWG7ET5ZHFZ9JHZ.SEARCH&ppt=None&ppn=None&ssid=vwah9a0r000000001748252175556&qH=833b9cfd5ea136fa
Neude Milk Muse Daily Facial Cleanser with Whipped Cream & Yogurt for Deep Cleansing Face Wash  (100 ml),401,4.4,https://rukminim2.flixcart.com/image/416/416/xif0q/face-wash/q/8/k/100-milk-muse-daily-facial-cleanser-with-whipped-cream-yogurt-original-imah94hyyr38fmek.jpeg?q=70&crop=false,Flipkart,https://www.flipkart.com/neude-milk-muse-daily-facial-cleanser-whipped-cream-yogurt-deep-cleansing-face-wash/p/itm87af0200ec6a3?pid=CNRGXX3URYH3BCTC&lid=LSTCNRGXX3URYH3BCTCOHYABC&marketplace=FLIPKART&q=Skincare+Products+%28like+face+creams%2C+cleansers%2C+moisturizers%29&store=g9b%2Fema%2F5la&srno=s_1_20&otracker=search&otracker1=search&fm=organic&iid=083f54d6-3c40-4db4-8e3e-82f5e6e6cf00.CNRGXX3URYH3BCTC.SEARCH&ppt=None&ppn=None&ssid=vwah9a0r000000001748252175556&qH=833b9cfd5ea136fa
DERMISTRY Sensitive Dry Hydrating Moisturizer Face Cream & Mild Gentle Safe Paraben Free Face Wash  (150 ml),442,,https://rukminim2.flixcart.com/image/416/416/xif0q/face-wash/f/m/w/150-sensitive-dry-hydrating-moisturizer-face-cream-mild-gentle-original-imah9yh6huugq6yr.jpeg?q=70&crop=false,Flipkart,https://www.flipkart.com/dermistry-sensitive-dry-hydrating-moisturizer-face-cream-mild-gentle-safe-paraben-free-wash/p/itmf9e361e840e8f?pid=FCWGZM4YGVRFGY85&lid=LSTFCWGZM4YGVRFGY85OJYLAU&marketplace=FLIPKART&q=Skincare+Products+%28like+face+creams%2C+cleansers%2C+moisturizers%29&store=g9b%2Fema%2F5la&srno=s_1_19&otracker=search&otracker1=search&fm=organic&iid=083f54d6-3c40-4db4-8e3e-82f5e6e6cf00.FCWGZM4YGVRFGY85.SEARCH&ppt=None&ppn=None&ssid=vwah9a0r000000001748252175556&qH=833b9cfd5ea136fa
Glamezone Face Gel Hydrating Moisturizer Cleanser for Dry/sensitve Skin  (120 ml),108,,https://rukminim2.flixcart.com/image/416/416/ku1k4280/face-pack/f/c/7/120-salicylic-acid-moisturizing-smear-mask-blackheads-remover-original-imag78jkbytc2zht.jpeg?q=70&crop=false,Flipkart,https://www.flipkart.com/glamezone-face-gel-hydrating-moisturizer-cleanser-dry-sensitve-skin/p/itmabe353a3068e0?pid=FCPGGYZENHYGCFJQ&lid=LSTFCPGGYZENHYGCFJQCXCKDC&marketplace=FLIPKART&q=Skincare+Products+%28like+face+creams%2C+cleansers%2C+moisturizers%29&store=g9b%2Fema%2F5la&srno=s_1_18&otracker=search&otracker1=search&fm=organic&iid=083f54d6-3c40-4db4-8e3e-82f5e6e6cf00.FCPGGYZENHYGCFJQ.SEARCH&ppt=None&ppn=None&ssid=vwah9a0r000000001748252175556&qH=833b9cfd5ea136fa
"Phillauri Complete Skin Care Cleanse, Tone, Exfoliate, Hydrate, and Protect with Natural Ingredients for Radiant, Youthful-Looking Skin  (4 Items in the set)",198,3.9,https://rukminim2.flixcart.com/image/416/416/xif0q/shopsy-combo-kit/m/b/9/glow-ultimate-skin-care-kit-face-body-scrub-face-wash-tube-face-original-imah4uyzdkzfpsdg.jpeg?q=70&crop=false,Flipkart,https://www.flipkart.com/phillauri-complete-skin-care-cleanse-tone-exfoliate-hydrate-protect-natural-ingredients-radiant-youthful-looking/p/itm5cb6220b90caa?pid=CBKH3FY3DYJFBDZV&lid=LSTCBKH3FY3DYJFBDZVRG8YEK&marketplace=FLIPKART&q=Skincare+Products+%28like+face+creams%2C+cleansers%2C+moisturizers%29&store=g9b%2Fema%2F5la&srno=s_1_17&otracker=search&otracker1=search&fm=organic&iid=en_9I2YxUC2qlSarkjXNsabsQ_BzNcL0CbJ5wveaTRLVehuZub7LUEqS1vceFnBoEYpTM2Ag2ImGxZwrBI9JEO1PGpQ9_CspmPF0b2p_DQAaUQ%3D&ppt=None&ppn=None&ssid=vwah9a0r000000001748252175556&qH=833b9cfd5ea136fa
"PLANTSE Age Defying Face Cleanser & Cream I Natural, Vegan I Glowing Skin - 100ml + 30ml  (1 Items in the set)",718,,https://rukminim2.flixcart.com/image/416/416/xif0q/combo-kit/z/b/g/age-defying-cleanser-brightening-face-cream-i-for-all-skin-type-original-imah3jrv8zhaxt8s.jpeg?q=70&crop=false,Flipkart,https://www.flipkart.com/plantse-age-defying-face-cleanser-cream-natural-vegan-glowing-skin-100ml-30ml/p/itm614436075714e?pid=CBKH35TB4GPG9TGG&lid=LSTCBKH35TB4GPG9TGGBXIDFZ&marketplace=FLIPKART&q=Skincare+Products+%28like+face+creams%2C+cleansers%2C+moisturizers%29&store=g9b%2Fema%2F5la&srno=s_1_16&otracker=search&otracker1=search&fm=organic&iid=083f54d6-3c40-4db4-8e3e-82f5e6e6cf00.CBKH35TB4GPG9TGG.SEARCH&ppt=None&ppn=None&ssid=vwah9a0r000000001748252175556&qH=833b9cfd5ea136fa
"Natural's Care for Beauty Cleansing Lotion For Refreshed and Hydrates Skin, Remove Make up, Enriched with Aloevera and Rose Extract Face Wash  (500 ml)",236,,https://rukminim2.flixcart.com/image/416/416/kp4difk0/cleanser/w/4/4/500-cleansing-lotion-for-refreshed-and-hydrates-skin-remove-make-original-imag3fc7mfkkcmrd.jpeg?q=70&crop=false,Flipkart,https://www.flipkart.com/natural-s-care-beauty-cleansing-lotion-refreshed-hydrates-skin-remove-make-up-enriched-aloevera-rose-extract-face-wash/p/itmabc293c979f80?pid=CNRG3FC7UNHHFG7N&lid=LSTCNRG3FC7UNHHFG7NSTJP8X&marketplace=FLIPKART&q=Skincare+Products+%28like+face+creams%2C+cleansers%2C+moisturizers%29&store=g9b%2Fema%2F5la&srno=s_1_15&otracker=search&otracker1=search&fm=organic&iid=083f54d6-3c40-4db4-8e3e-82f5e6e6cf00.CNRG3FC7UNHHFG7N.SEARCH&ppt=None&ppn=None&ssid=vwah9a0r000000001748252175556&qH=833b9cfd5ea136fa
ShopCircuit Face Gel Hydrating Moisturizer Cleanser for Dry  (120 ml),109,,https://rukminim2.flixcart.com/image/416/416/ku1k4280/face-pack/f/c/7/120-salicylic-acid-moisturizing-smear-mask-blackheads-remover-original-imag78jkbytc2zht.jpeg?q=70&crop=false,Flipkart,https://www.flipkart.com/shopcircuit-face-gel-hydrating-moisturizer-cleanser-dry/p/itm0cb71e2d7aa5d?pid=FCPGH5ZYHPGHSKAA&lid=LSTFCPGH5ZYHPGHSKAAYDYJPD&marketplace=FLIPKART&q=Skincare+Products+%28like+face+creams%2C+cleansers%2C+moisturizers%29&store=g9b%2Fema%2F5la&srno=s_1_14&otracker=search&otracker1=search&fm=organic&iid=083f54d6-3c40-4db4-8e3e-82f5e6e6cf00.FCPGH5ZYHPGHSKAA.SEARCH&ppt=None&ppn=None&ssid=vwah9a0r000000001748252175556&qH=833b9cfd5ea136fa
DERMISTRY Sensitive & Dry Skin Calming Gentle Mild Shea Butter Body Wash Sulphate Free Face Wash  (200 ml),299,,https://rukminim2.flixcart.com/image/416/416/xif0q/body-wash/h/f/1/200-sensitive-dry-skin-calming-soothing-safe-butter-based-original-imah9pg9fg3svhfp.jpeg?q=70&crop=false,Flipkart,https://www.flipkart.com/dermistry-sensitive-dry-skin-calming-gentle-mild-shea-butter-body-wash-sulphate-free-face/p/itm179dca019e302?pid=CNRGW5TWARGJQ5QF&lid=LSTCNRGW5TWARGJQ5QFQZIIGB&marketplace=FLIPKART&q=Skincare+Products+%28like+face+creams%2C+cleansers%2C+moisturizers%29&store=g9b%2Fema%2F5la&srno=s_1_13&otracker=search&otracker1=search&fm=organic&iid=083f54d6-3c40-4db4-8e3e-82f5e6e6cf00.CNRGW5TWARGJQ5QF.SEARCH&ppt=None&ppn=None&ssid=vwah9a0r000000001748252175556&qH=833b9cfd5ea136fa
Nimson Glycerine Skin Hydration Brightening Skin Glycerin Cleanser for Glowing Skin  (50 g),52,4.1,https://rukminim2.flixcart.com/image/416/416/xif0q/moisturizer-cream/p/6/x/50-glycerine-skin-hydration-brightening-skin-glycerin-cleanser-original-imah2bysjrbajhpa.jpeg?q=70&crop=false,Flipkart,https://www.flipkart.com/nimson-glycerine-skin-hydration-brightening-glycerin-cleanser-glowing/p/itmf3d812a39856e?pid=MSCGVFWJFVVGSPVC&lid=LSTMSCGVFWJFVVGSPVCHIPZZ7&marketplace=FLIPKART&q=Skincare+Products+%28like+face+creams%2C+cleansers%2C+moisturizers%29&store=g9b%2Fema%2F5la&srno=s_1_12&otracker=search&otracker1=search&fm=organic&iid=en_9I2YxUC2qlSarkjXNsabsQ_BzNcL0CbJ5wveaTRLVegaA9t9M7gS2mwurJkeQi20TWqNdGLoNJIyAlOaUoY0FImcnpJzXUS4B-OP_I2vqSA%3D&ppt=None&ppn=None&ssid=vwah9a0r000000001748252175556&qH=833b9cfd5ea136fa
Spawake Moisture Solution  Face Wash  (100 g),191,4.3,https://rukminim2.flixcart.com/image/416/416/kirr24w0-0/face-wash/g/1/3/100-spwake-moisture-solution-face-wash-spawake-original-imafyhcfvszgrvfe.jpeg?q=70&crop=false,Flipkart,https://www.flipkart.com/spawake-moisture-solution-face-wash/p/itmf5s3j7kxhsjd6?pid=FCWF5SYETZYZUPR3&lid=LSTFCWF5SYETZYZUPR32GX5FA&marketplace=FLIPKART&q=Skincare+Products+%28like+face+creams%2C+cleansers%2C+moisturizers%29&store=g9b%2Fema%2F5la&srno=s_1_11&otracker=search&otracker1=search&fm=organic&iid=en_9I2YxUC2qlSarkjXNsabsQ_BzNcL0CbJ5wveaTRLVeixPKM4gk5GiQwJ6HlT2gx7wPpK4EntbHyDyDtQe6xsdGaRs4JL222ZRV-dN99QnxU%3D&ppt=None&ppn=None&ssid=vwah9a0r000000001748252175556&qH=833b9cfd5ea136fa
DERMISTRY Sensitive & Dry Skin Collagen Vit E Body Lotion & D Biotin Gentle Skin SLS Free Face Wash  (300 ml),500,,https://rukminim2.flixcart.com/image/416/416/xif0q/face-wash/n/z/h/300-sensitive-dry-gentle-skin-calming-vit-e-cleanser-face-wash-original-imah9nc2ezef33mu.jpeg?q=70&crop=false,Flipkart,https://www.flipkart.com/dermistry-sensitive-dry-skin-collagen-vit-e-body-lotion-d-biotin-gentle-sls-free-face-wash/p/itm0c7ccd80d2d00?pid=FCWGZM7SDMTZCWJY&lid=LSTFCWGZM7SDMTZCWJYH8ZF30&marketplace=FLIPKART&q=Skincare+Products+%28like+face+creams%2C+cleansers%2C+moisturizers%29&store=g9b%2Fema%2F5la&srno=s_1_10&otracker=search&otracker1=search&fm=organic&iid=083f54d6-3c40-4db4-8e3e-82f5e6e6cf00.FCWGZM7SDMTZCWJY.SEARCH&ppt=None&ppn=None&ssid=vwah9a0r000000001748252175556&qH=833b9cfd5ea136fa
DERMISTRY Salicylic Acid Acne Removal Face Cleanser & Oil Free Mattifying Moisturizer Face Wash  (200 ml),500,,https://rukminim2.flixcart.com/image/416/416/xif0q/face-wash/o/m/h/200-salicylic-acid-acne-removal-face-cleanser-oil-free-original-imah78zzj3t45jkg.jpeg?q=70&crop=false,Flipkart,https://www.flipkart.com/dermistry-salicylic-acid-acne-removal-face-cleanser-oil-free-mattifying-moisturizer-wash/p/itm4856cbb668b8e?pid=CNRGZNFFUDVNG5Q4&lid=LSTCNRGZNFFUDVNG5Q4GK5UHF&marketplace=FLIPKART&q=Skincare+Products+%28like+face+creams%2C+cleansers%2C+moisturizers%29&store=g9b%2Fema%2F5la&srno=s_1_9&otracker=search&otracker1=search&fm=organic&iid=083f54d6-3c40-4db4-8e3e-82f5e6e6cf00.CNRGZNFFUDVNG5Q4.SEARCH&ppt=None&ppn=None&ssid=vwah9a0r000000001748252175556&qH=833b9cfd5ea136fa
HUZURLU Deep Cleanser Moisturizer Shrink Pores Remove Blackheads and Acne  (40 g),290,3.3,https://rukminim2.flixcart.com/image/416/416/l0pm3680/face-pack/d/u/w/80-green-tea-purifying-clay-mask-stick-mud-evererin-original-imagcfp5wrsjpuyv.jpeg?q=70&crop=false,Flipkart,https://www.flipkart.com/huzurlu-deep-cleanser-moisturizer-shrink-pores-remove-blackheads-acne/p/itm224f24a88014f?pid=FCPGMKD2AECEYGZG&lid=LSTFCPGMKD2AECEYGZGKR9UY7&marketplace=FLIPKART&q=Skincare+Products+%28like+face+creams%2C+cleansers%2C+moisturizers%29&store=g9b%2Fema%2F5la&srno=s_1_8&otracker=search&otracker1=search&fm=organic&iid=083f54d6-3c40-4db4-8e3e-82f5e6e6cf00.FCPGMKD2AECEYGZG.SEARCH&ppt=None&ppn=None&ssid=vwah9a0r000000001748252175556&qH=833b9cfd5ea136fa
THTC Moisturizer Cleanser for Dry/Sensitive Skin  (120 ml),211,,https://rukminim2.flixcart.com/image/416/416/xif0q/face-pack/d/w/w/120-moisturizer-cleanser-for-dry-sensitive-skin-gel-thtc-original-imagkrkz2zdxqrzk.jpeg?q=70&crop=false,Flipkart,https://www.flipkart.com/thtc-moisturizer-cleanser-dry-sensitive-skin/p/itm6ed7ec6190981?pid=FCPGKRKKWVJYH4MB&lid=LSTFCPGKRKKWVJYH4MBQCR28T&marketplace=FLIPKART&q=Skincare+Products+%28like+face+creams%2C+cleansers%2C+moisturizers%29&store=g9b%2Fema%2F5la&srno=s_1_7&otracker=search&otracker1=search&fm=organic&iid=083f54d6-3c40-4db4-8e3e-82f5e6e6cf00.FCPGKRKKWVJYH4MB.SEARCH&ppt=None&ppn=None&ssid=vwah9a0r000000001748252175556&qH=833b9cfd5ea136fa
Cetaphil Cream Cleanser Face Wash  (236 ml),955,4.3,https://rukminim2.flixcart.com/image/416/416/xif0q/face-wash/t/g/f/-original-imahcgnfr4czdhyr.jpeg?q=70&crop=false,Flipkart,https://www.flipkart.com/cetaphil-cream-cleanser-face-wash/p/itm4308e10b8b5a3?pid=FCWGSMXFXDUU6VBE&lid=LSTFCWGSMXFXDUU6VBEAGDC0N&marketplace=FLIPKART&q=Skincare+Products+%28like+face+creams%2C+cleansers%2C+moisturizers%29&store=g9b%2Fema%2F5la&srno=s_1_6&otracker=search&otracker1=search&fm=organic&iid=en_9I2YxUC2qlSarkjXNsabsQ_BzNcL0CbJ5wveaTRLVejLbtV1OVD59dPeQm5Np4yZr4NMq4nC16mx64jBPX2YtRhTy0lUJ14SzoMSv_CzLF0%3D&ppt=None&ppn=None&ssid=vwah9a0r000000001748252175556&qH=833b9cfd5ea136fa
DERMISTRY Sensitive Dry Skin Mild Safe Gentle Cream Based  & Shea Body Butter Face Wash  (200 ml),500,,https://rukminim2.flixcart.com/image/416/416/xif0q/moisturizer-cream/y/y/h/200-sensitive-dry-skin-calming-shea-vit-e-body-lotion-original-imah6qxef54wctw6.jpeg?q=70&crop=false,Flipkart,https://www.flipkart.com/dermistry-sensitive-dry-skin-mild-safe-gentle-cream-based-shea-body-butter-face-wash/p/itmd8d4e0b9dc08d?pid=CNRGZNE7VFAZDWHT&lid=LSTCNRGZNE7VFAZDWHTNGQEWL&marketplace=FLIPKART&q=Skincare+Products+%28like+face+creams%2C+cleansers%2C+moisturizers%29&store=g9b%2Fema%2F5la&srno=s_1_5&otracker=search&otracker1=search&fm=organic&iid=083f54d6-3c40-4db4-8e3e-82f5e6e6cf00.CNRGZNE7VFAZDWHT.SEARCH&ppt=None&ppn=None&ssid=vwah9a0r000000001748252175556&qH=833b9cfd5ea136fa
DERMISTRY Sensitive & Dry Skin Mild Safe Soap Free Cleanser  & Moisturizer Cream Face Wash  (150 ml),463,,https://rukminim2.flixcart.com/image/416/416/xif0q/face-wash/k/e/d/150-sensitive-dry-skin-mild-safe-soap-free-cleanser-face-wash-original-imah9yh4zsrnqgws.jpeg?q=70&crop=false,Flipkart,https://www.flipkart.com/dermistry-sensitive-dry-skin-mild-safe-soap-free-cleanser-moisturizer-cream-face-wash/p/itm70a1f71f2b8bb?pid=CNRGYFYBFWN5ZCGB&lid=LSTCNRGYFYBFWN5ZCGB7WNGYM&marketplace=FLIPKART&q=Skincare+Products+%28like+face+creams%2C+cleansers%2C+moisturizers%29&store=g9b%2Fema%2F5la&srno=s_1_4&otracker=search&otracker1=search&fm=organic&iid=083f54d6-3c40-4db4-8e3e-82f5e6e6cf00.CNRGYFYBFWN5ZCGB.SEARCH&ppt=None&ppn=None&ssid=vwah9a0r000000001748252175556&qH=833b9cfd5ea136fa
Katie Brightening Exfoliating Freckle Removal Glowing & Cleaning Skin  Face Wash  (150 g),326,,https://rukminim2.flixcart.com/image/416/416/xif0q/face-wash/5/r/f/150-brightening-exfoliating-freckle-removal-glowing-cleaning-original-imah48sdctnn55pa.jpeg?q=70&crop=false,Flipkart,https://www.flipkart.com/katie-brightening-exfoliating-freckle-removal-glowing-cleaning-skin-face-wash/p/itm479908e4c8130?pid=CNRGYZRSYGSEEFYG&lid=LSTCNRGYZRSYGSEEFYGLYY3IV&marketplace=FLIPKART&q=Skincare+Products+%28like+face+creams%2C+cleansers%2C+moisturizers%29&store=g9b%2Fema%2F5la&srno=s_1_3&otracker=search&otracker1=search&fm=organic&iid=083f54d6-3c40-4db4-8e3e-82f5e6e6cf00.CNRGYZRSYGSEEFYG.SEARCH&ppt=None&ppn=None&ssid=vwah9a0r000000001748252175556&qH=833b9cfd5ea136fa
UNDERATED Glow and Acne Clear FaceMoisturizer Powered with SalicylicAcid and VitaminE|50ml  (50 ml),179,4.1,https://rukminim2.flixcart.com/image/416/416/xif0q/moisturizer-cream/l/4/a/50-glow-and-acne-clear-facemoisturizer-powered-with-original-imah54xtxmqycwhg.jpeg?q=70&crop=false,Flipkart,https://www.flipkart.com/underated-glow-acne-clear-facemoisturizer-powered-salicylicacid-vitamine-50ml/p/itm2a0d917050f3d?pid=MSCGRGZMHYGGUVGR&lid=LSTMSCGRGZMHYGGUVGRS9HHFL&marketplace=FLIPKART&q=Skincare+Products+%28like+face+creams%2C+cleansers%2C+moisturizers%29&store=g9b%2Fema%2F5la&srno=s_1_2&otracker=search&otracker1=search&fm=organic&iid=en_9I2YxUC2qlSarkjXNsabsQ_BzNcL0CbJ5wveaTRLVeijh2z01gODgiVdhn0J9sS_fhEOi3oizflidY_8_Tg7iA%3D%3D&ppt=None&ppn=None&ssid=vwah9a0r000000001748252175556&qH=833b9cfd5ea136fa
Chemist at Play Gentle & Hydrating  for Dull & Dry Skin Face Wash  (100 ml),258,4.4,https://rukminim2.flixcart.com/image/416/416/xif0q/face-wash/d/j/2/100-gentle-hydrating-face-wash-for-dull-dry-skin-chemist-at-play-original-imagvcwmh5ffvry9.jpeg?q=70&crop=false,Flipkart,https://www.flipkart.com/chemist-play-gentle-hydrating-dull-dry-skin-face-wash/p/itm555fb1d7b423e?pid=FCWGRU6Y2SF5XHUV&lid=LSTFCWGRU6Y2SF5XHUVPUHHTS&marketplace=FLIPKART&q=Skincare+Products+%28like+face+creams%2C+cleansers%2C+moisturizers%29&store=g9b%2Fema%2F5la&srno=s_1_1&otracker=search&otracker1=search&fm=organic&iid=en_9I2YxUC2qlSarkjXNsabsQ_BzNcL0CbJ5wveaTRLVejuk0cjHBXE-0L_6bJkeIgTcy5BSe18tQzAWr9CZdLF8g%3D%3D&ppt=None&ppn=None&ssid=vwah9a0r000000001748252175556&qH=833b9cfd5ea136fa
Vaadi Herbals Value Pack Of 3 Cold Cream With Almonds & Saffron(Each 150gm),555,4.5/5,"https://images-static.nykaa.com/media/catalog/product/1/4/149bfd08906049910886_1.jpg?tr=w-344,h-344,cm-pad_resize",Nykaa,https://www.nykaa.com/vaadi-herbals-value-pack-of-3-cold-cream-with-almonds-saffron/p/221409?productId=221409&pps=20
Ayouthveda Pearly White Day Cream with Natural SPF 15 For Pearly Like Glow & Radiant Skin(50g),1027,3.3/5,"https://images-static.nykaa.com/media/catalog/product/b/c/bcf215fAYOUT00000010_1.jpg?tr=w-344,h-344,cm-pad_resize",Nykaa,https://www.nykaa.com/ayouthveda-pearly-white-day-cream/p/1372603?productId=1372603&pps=19
Inveda Kumkumadi Tailam A Beauty Secret Face Cream For Dry Skin(50ml),1020,3.8/5,"https://images-static.nykaa.com/media/catalog/product/6/3/63bef198903599950133_1.jpg?tr=w-344,h-344,cm-pad_resize",Nykaa,https://www.nykaa.com/inveda-kumkumadi-tailam-a-beauty-secret-face-scrub-100ml/p/430065?productId=430065&pps=18
"Ayouthveda Acne Enemy Kit, Acne Enemy Face Wash, Clarifying Facial Toner & Oil Control Cream(60gm+200ml)",476,4.2/5,"https://images-static.nykaa.com/media/catalog/product/1/0/102bf59AYOUT00000043_1.jpg?tr=w-344,h-344,cm-pad_resize",Nykaa,https://www.nykaa.com/ayouthveda-anti-acne-kit/p/4779210?productId=4779210&pps=17
"Khadi Natural Glowing Skin Combo (Pack of 3) Wash, Tone & Moisturize",617,4.4/5,"https://images-static.nykaa.com/media/catalog/product/8/9/89efd9eNYKBNDKN00050ab_1.jpg?tr=w-344,h-344,cm-pad_resize",Nykaa,https://www.nykaa.com/khadi-herbal-glowing-skin-combo/p/1411729?productId=1411729&pps=16
Lotus Organics Precious Brightening Creme Face Wash & Exfoliator Combo(100g+100g),1547,4.3/5,"https://images-static.nykaa.com/media/catalog/product/8/c/8cd4561nyklocom00007_1.jpg?tr=w-344,h-344,cm-pad_resize",Nykaa,https://www.nykaa.com/lotus-organics-precious-brightening-creme-face-wash-serum-combo/p/1125068?productId=1125068&pps=15
Vedic Line Meladyne De Pigmentation Cream(50ml),270,4.2/5,"https://images-static.nykaa.com/media/catalog/product/b/4/b4f4c768903599352739_1.jpg?tr=w-344,h-344,cm-pad_resize",Nykaa,https://www.nykaa.com/vedic-line-meladyne-de-pigmentation-cream/p/16699?productId=16699&pps=14
Vedic Line Pearl Pishthi Massage Cream(100ml),315,4.4/5,"https://images-static.nykaa.com/media/catalog/product/p/e/pearl_massage_cream_1_.jpg?tr=w-344,h-344,cm-pad_resize",Nykaa,https://www.nykaa.com/vedic-line-pearl-pishthi-massage-cream-1/p/170116?productId=170116&pps=13
SADHEV Ayurvedic Hydrating Day Cream(50gm),2500,4.4/5,"https://images-static.nykaa.com/media/catalog/product/f/f/ff409d58904018311368_1.jpg?tr=w-344,h-344,cm-pad_resize",Nykaa,https://www.nykaa.com/sadhev-ayurvedic-hydrating-day-cream/p/7886635?productId=7886635&pps=12
RAS Luxury Oils Deep Nourish Multipurpose Butter Balm For Skin Hair & Nails(50g),644,4.4/5,"https://images-static.nykaa.com/media/catalog/product/1/b/1b5ac47RASLU00000009_01.jpg?tr=w-344,h-344,cm-pad_resize",Nykaa,https://www.nykaa.com/ras-luxury-oils-deep-nourish-calendula-and-shea-butter-balm-for-skin-hair-nails/p/1080685?productId=1080685&pps=11
SADHEV Ayurvedic Hydrating Day Cream SPF 15(50gm),1499,4.3/5,"https://images-static.nykaa.com/media/catalog/product/0/2/02cc9d58904018311382_1.jpg?tr=w-344,h-344,cm-pad_resize",Nykaa,https://www.nykaa.com/sadhev-ayurvedic-hydrating-day-cream-spf-15/p/7886636?productId=7886636&pps=10
"Kama Ayurveda Hydrating Summer Skin Combo - Rose Water, Rose & Jasmine Cleanser & Eladi Face Cream(3 pcs)",2765,4.5/5,"https://images-static.nykaa.com/media/catalog/product/5/2/524bbfaKAMAA00000116_1.jpg?tr=w-344,h-344,cm-pad_resize",Nykaa,https://www.nykaa.com/kama-ayurveda-daily-skin-routine/p/5430266?productId=5430266&pps=9
Lotus Organics Divine Nutritive Creme SPF 20(50gm),689,4.4/5,"https://images-static.nykaa.com/media/catalog/product/a/9/a9f437e806360101759a_1.jpg?tr=w-344,h-344,cm-pad_resize",Nykaa,https://www.nykaa.com/lotus-organics-divine-nutritive-cr-me-spf-20-50gm/p/421578?productId=421578&pps=8
Lotus Herbals Probrite Illuminating Radiance Creme(50gm),590,4.4/5,"https://images-static.nykaa.com/media/catalog/product/4/8/4886acf806360222508rev_1.jpg?tr=w-344,h-344,cm-pad_resize",Nykaa,https://www.nykaa.com/lotus-herbals-probrite-illuminating-radiance-creme/p/512158?productId=512158&pps=7
The Body Shop Vitamin E Moisture Cream & Face Wash Combo(2 Pcs),2032,4.3/5,"https://images-static.nykaa.com/media/catalog/product/9/0/900369bTHEAC00000199.jpg?tr=w-344,h-344,cm-pad_resize",Nykaa,https://www.nykaa.com/the-body-shop-vitamin-e-moisture-cream-face-wash-combo/p/6453234?productId=6453234&pps=6
Lotus Organics Precious Brightening Creme SPF 20(50gm),761,4.2/5,"https://images-static.nykaa.com/media/catalog/product/a/9/a9f437e806360104750a_1.jpg?tr=w-344,h-344,cm-pad_resize",Nykaa,https://www.nykaa.com/lotus-organics-precious-brightening-cr-me-spf-20-50gm/p/421593?productId=421593&pps=5
Simple Kind To Skin Refreshing Facial Wash + Protecting Light Moisturiser(275ml),781,4.5/5,"https://images-static.nykaa.com/media/catalog/product/c/5/c5b2736SIMPL00000041.jpg?tr=w-344,h-344,cm-pad_resize",Nykaa,https://www.nykaa.com/simple-kind-to-skin-refreshing-facial-wash-protecting-light-moisturiser/p/5015807?productId=5015807&pps=4
Pilgrim Red Vine Face Cream SPF 30 with Vitamin C & Rosehip Oil(50g),479,4.3/5,"https://images-static.nykaa.com/media/catalog/product/9/5/95ea0e2PILGR00000004-1.jpg?tr=w-344,h-344,cm-pad_resize",Nykaa,https://www.nykaa.com/pilgrim-red-vine-face-cream-spf-30-with-vitamin-c-rosehip-oil/p/1135104?productId=1135104&pps=3
Kama Ayurveda Eladi Hydrating Face Moisturizer For Skin Barrier Repair(50g),2395,4.3/5,"https://images-static.nykaa.com/media/catalog/product/6/7/67ae43a8906014831642_1.jpg?tr=w-344,h-344,cm-pad_resize",Nykaa,https://www.nykaa.com/kama-ayurveda-eladi-hydrating-ayurvedic-face-cream/p/1262947?productId=1262947&pps=2
"AyouthVeda Pearly White Daily Skin Care Kit, with Pearl Pea Complex for Moon Like Glow(200g)",2210,3.7/5,"https://images-static.nykaa.com/media/catalog/product/4/8/48dbd3bAYOUT00000041ab_0.jpg?tr=w-344,h-344,cm-pad_resize",Nykaa,https://www.nykaa.com/ayouthveda-skin-brightening-regimen-combo/p/4779208?productId=4779208&pps=1
